Workbook

Sheet Dashboard
B2: BUGET PERSONAL - DASHBOARD
B3: Completează solda și cheltuielile fixe, apoi înregistrează cheltuielile zilnice în tab-ul Cheltuieli
B5: VENITURI LUNARE | E5: INDICATORI BUGET
B6: Descriere | C6: Sumă (lei)
B7: Solda netă | C7: 6700 | E7: Categorie | F7: % Actual | G7: % Țintă
B8: Norma de hrană | C8: 0 | E8: Regula 50/30/20
B9: Chirie compensatorie | C9: 0 | E9: Nevoi (max 50%) | F9: =IF(C11=0,0,(C23)/C11) | G9: 0.5
B10: Alte venituri | C10: 0 | E10: Dorințe (max 30%) | F10: =IF(C11=0,0,C29/C11) | G10: 0.3
B11: TOTAL VENITURI | C11: =SUM(C7:C10) | E11: Economii (min 20%) | F11: =IF(C11=0,0,C30/C11) | G11: 0.2
B13: CHELTUIELI FIXE LUNARE | E13: SFATURI RAPIDE
B14: Categorie | C14: Sumă (lei) | E14: 1. Completează mai întâi solda și veniturile (albastru = editabil)
B15: Rate credite (auto + TBI) | C15: 2669 | E15: 2. Setează cheltuielile fixe lunare
B16: Utilități (curent, gaz, apă) | C16: 0 | E16: 3. Înregistrează zilnic cheltuielile în tab-ul Cheltuieli
B17: Telefonie (Vodafone + Orange) | C17: 1097 | E17: 4. Verifică Dashboard-ul săptămânal
B18: Transport (STB abonament) | C18: 160 | E18: 5. Țintește 20% economii (regula 50/30/20)
B19: Asigurări | C19: 0
B20: Țigări | C20: 795
B21: Fond nuntă (iul+aug) | C21: 0
B22: Rate eMag | C22: 534
B23: TOTAL CHELTUIELI FIXE | C23: =SUM(C15:C22)
B25: SUMAR LUNAR
B26: Indicator | C26: Sumă (lei)
B27: Total Venituri | C27: =C11
B28: Total Cheltuieli Fixe | C28: =C23
B29: Total Cheltuieli Variabile | C29: =Cheltuieli!G2
B30: SOLD RĂMAS (Disponibil) | C30: =C11-C23-C29
B31: % Economisit din venit | C31: =IF(C11=0,0,C30/C11)

Sheet Cheltuieli
B1: JURNAL CHELTUIELI ZILNICE | G1: Total Variabile:
G2: =SUM(E4:E203)
B3: Data | C3: Categorie | D3: Descriere | E3: Sumă (lei) | F3: Metodă plată
B4: 46187 | C4: Diverse | D4: Recuperat Axi - incasat | E4: -2500 | F4: Transfer
B5: 46188 | C5: Diverse | D5: TBI Bank - plata minima | E5: 1869 | F5: Transfer
B6: 46188 | C6: Transport (combustibil, STB) | D6: Tigari 15 iun | E6: 26.5 | F6: Cash
B7: 46188 | C7: Diverse | D7: Vodafone - dezactivat Disney+/asig | E7: 0 | F7: Actiune
B8: 46189 | C8: Diverse | D8: Orange - dezactivat apps digitale | E8: 0 | F8: Actiune
B9: 46193 | C9: Mâncare & Băuturi | D9: Paine + ulei (saptamana) | E9: 25 | F9: Cash
B10: 46200 | C10: Mâncare & Băuturi | D10: Paine + ulei (saptamana) | E10: 25 | F10: Cash
B11: 46203 | C11: Diverse | D11: Credit auto rata iulie | E11: 800 | F11: Transfer
B12: 46203 | C12: Diverse | D12: Vodafone factura | E12: 544 | F12: Card
B13: 46203 | C13: Diverse | D13: Orange factura | E13: 553 | F13: Card
B14: 46203 | C14: Diverse | D14: eMag rate | E14: 534 | F14: Card
B15: 46203 | C15: Transport (combustibil, STB) | D15: STB abonament | E15: 160 | F15: Card

Sheet Raport Categorii
B2: RAPORT CHELTUIELI PE CATEGORII
B3: Totaluri calculate automat din jurnalul de cheltuieli
B5: Categorie | C5: Total Cheltuit (lei) | D5: % din Total | E5: Buget Alocat (lei) | F5: Diferență (lei)
B6: Mâncare & Băuturi | C6: =SUMIF(Cheltuieli!C4:C203,B6,Cheltuieli!E4:E203) | D6: =IF(C16=0,0,C6/C16) | E6: 0 | F6: =E6-C6
B7: Cumpărături | C7: =SUMIF(Cheltuieli!C4:C203,B7,Cheltuieli!E4:E203) | D7: =IF(C16=0,0,C7/C16) | E7: 0 | F7: =E7-C7
B8: Sănătate & Farmacie | C8: =SUMIF(Cheltuieli!C4:C203,B8,Cheltuieli!E4:E203) | D8: =IF(C16=0,0,C8/C16) | E8: 0 | F8: =E8-C8
B9: Haine & Încălțăminte | C9: =SUMIF(Cheltuieli!C4:C203,B9,Cheltuieli!E4:E203) | D9: =IF(C16=0,0,C9/C16) | E9: 0 | F9: =E9-C9
B10: Cadouri | C10: =SUMIF(Cheltuieli!C4:C203,B10,Cheltuieli!E4:E203) | D10: =IF(C16=0,0,C10/C16) | E10: 0 | F10: =E10-C10
B11: Restaurante & Cafenele | C11: =SUMIF(Cheltuieli!C4:C203,B11,Cheltuieli!E4:E203) | D11: =IF(C16=0,0,C11/C16) | E11: 0 | F11: =E11-C11
B12: Divertisment & Gaming | C12: =SUMIF(Cheltuieli!C4:C203,B12,Cheltuieli!E4:E203) | D12: =IF(C16=0,0,C12/C16) | E12: 0 | F12: =E12-C12
B13: Tehnologie & Gadgeturi | C13: =SUMIF(Cheltuieli!C4:C203,B13,Cheltuieli!E4:E203) | D13: =IF(C16=0,0,C13/C16) | E13: 0 | F13: =E13-C13
B14: Educație & Cursuri | C14: =SUMIF(Cheltuieli!C4:C203,B14,Cheltuieli!E4:E203) | D14: =IF(C16=0,0,C14/C16) | E14: 0 | F14: =E14-C14
B15: Diverse | C15: =SUMIF(Cheltuieli!C4:C203,B15,Cheltuieli!E4:E203) | D15: =IF(C16=0,0,C15/C16) | E15: 0 | F15: =E15-C15
B16: TOTAL | C16: =SUM(C6:C15) | D16: =IF(C16=0,0,1) | E16: =SUM(E6:E15) | F16: =SUM(F6:F15)
B36: Generat: 21.03.2026

Sheet Evoluție Lunară
B2: EVOLUȚIE BUGET PE 12 LUNI (2026)
B3: Completează manual totalurile lunare pentru a urmări tendințele
B5: Indicator | C5: Ian | D5: Feb | E5: Mar | F5: Apr | G5: Mai | H5: Iun | I5: Iul | J5: Aug | K5: Sep | L5: Oct | M5: Nov | N5: Dec
B6: Venituri | C6: 0 | D6: 0 | E6: 0 | F6: 0 | G6: 0 | H6: 6700 | I6: 6700 | J6: 6700 | K6: 6700 | L6: 6700 | M6: 0 | N6: 0
B7: Cheltuieli Fixe | C7: 0 | D7: 0 | E7: 0 | F7: 0 | G7: 0 | H7: 7755 | I7: 5363 | J7: 4962 | K7: 3672 | L7: 3375 | M7: 0 | N7: 0
B8: Cheltuieli Variabile | C8: 0 | D8: 0 | E8: 0 | F8: 0 | G8: 0 | H8: 100 | I8: 100 | J8: 900 | K8: 900 | L8: 900 | M8: 0 | N8: 0
B9: Total Cheltuieli | C9: =C7+C8 | D9: =D7+D8 | E9: =E7+E8 | F9: =F7+F8 | G9: =G7+G8 | H9: =H7+H8 | I9: =I7+I8 | J9: =J7+J8 | ... N9: =N7+N8
B10: Sold Rămas | C10: =C6-C9 | D10: =D6-D9 | E10: =E6-E9 | F10: =F6-F9 | G10: =G6-G9 | H10: =H6-H9 | I10: =I6-I9 | J10: =J6-J9 | ... N10: =N6-N9
B11: % Economisit | C11: =IF(C6=0,0,C10/C6) | D11: =IF(D6=0,0,D10/D6) | E11: =IF(E6=0,0,E10/E6) | F11: =IF(F6=0,0,F10/F6) | G11: =IF(G6=0,0,G10/G6) | H11: =IF(H6=0,0,H10/H6) | I11: =IF(I6=0,0,I10/I6) | J11: =IF(J6=0,0,J10/J6) | ... N11: =IF(N6=0,0,N10/N6)

Sheet Plan Refacere
A1: PLAN REFACERE BUGETARA 2026 - MARIUS
A2: Generat: 14.06.2026
A4: Categorie | B4: IUN 2026 | C4: IUL 2026 | D4: AUG 2026 | E4: SEP 2026 | F4: OCT 2026 | G4: NOV 2026 | H4: Note
A5: VENITURI | B5: 6700 | C5: 6700 | D5: 6700 | E5: 6700 | F5: 6700 | G5: 6700 | H5: Salariu net
A7: CHELTUIELI FIXE
A8: Credit auto (rata) | B8: 800 | C8: 800 | D8: 800 | E8: 800 | F8: 800 | G8: 800 | H8: Se termina mar 2027
A9: TBI Bank | B9: 1869 | C9: 1121 | D9: 1121 | E9: 1121 | F9: 1121 | G9: 1121 | H9: 3 rate 4/4 termina in iun → -748 lei/luna din iul
A10: Vodafone | B10: 544 | C10: 373 | D10: 237 | E10: 237 | F10: 237 | G10: 237 | H10: RED35→minim din 16 iul; dezactivat Disney+/asig/SMS
A11: Orange | B11: 553 | C11: 410 | D11: 262 | E11: 262 | F11: 262 | G11: 262 | H11: SmartPlus30→minim din aug; dezactivat apps digitale
A12: eMag rate (total) | B12: 534 | C12: 442 | D12: 325 | E12: 297 | F12: 0 | G12: 0 | H12: Toate ratele terminate in oct 2026
A13: STB (autobuz+metrou) | B13: 160 | C13: 160 | D13: 160 | E13: 160 | F13: 160 | G13: 160 | H13: Fix
A14: Tigari (26.50/zi x30) | B14: 795 | C14: 795 | D14: 795 | E14: 795 | F14: 795 | G14: 795 | H14: 9.540 lei/an
A15: Mancare | B15: 100 | C15: 100 | D15: 900 | E15: 900 | F15: 900 | G15: 900 | H15: Iun+iul: de la parinti (paine+ulei)
A17: ONE-TIME
A18: Axi (recuperat+platit) | B18: 2500 | C18: 0 | D18: 0 | E18: 0 | F18: 0 | G18: 0 | H18: Recuperezi azi, platesti TBI maine
A19: Fond nunta (500 EUR) | B19: 0 | C19: 1262 | D19: 1262 | E19: 0 | F19: 0 | G19: 0 | H19: 500 EUR @ 5.05 lei = 2525 lei total
A20: Scoala soferi (avans) | B20: 0 | C20: 0 | D20: 0 | E20: 0 | F20: 700 | G20: 0 | H20: Estimat oct 2026, total ~2500-3500 lei
A22: TOTAL CHELTUIELI | B22: 7855 | C22: 5463 | D22: 5862 | E22: 4572 | F22: 4975 | G22: 4275 | H22: Auto-calculat
A23: DISPONIBIL (dupa toate) | B23: -1155 | C23: 1237 | D23: 838 | E23: 2128 | F23: 1725 | G23: 2425
A24: % Economisit | B24: 0% | C24: 18.5% | D24: 12.5% | E24: 31.8% | F24: 25.7% | G24: 36.2%
