Workbook

Sheet 📊 Dashboard
B2: 💰 BUGET PERSONAL 2026 — MARIUS
B4: 📥 VENITURI LUNARE | F4: ⚖️ REGULA 50/30/20
B5: Sursă | C5: Sumă (lei) | D5: Editabil? | F5: Categorie | G5: % Actual | H5: % Țintă
B6: Soldă netă | C6: 6700 | D6: ✏️ Da | F6: 🏠 Nevoi (max 50%) | G6: =IF(C27>0,(C28+C29)/C27,0) | H6: 50%
B7: Normă de hrană | C7: 0 | D7: ✏️ Da | F7: 🎉 Dorințe (max 30%) | G7: =IF(C27>0,0/C27,0) | H7: 30%
B8: Chirie compensatorie | C8: 0 | D8: ✏️ Da | F8: 💰 Economii (min 20%) | G8: =IF(C27>0,C30/C27,0) | H8: 20%
B9: Alte venituri | C9: 0 | D9: ✏️ Da
B10: TOTAL VENITURI | C10: =SUM(C6:C9) | D10: ← AUTO | F10: 🚨 ALERTE BUGET LUNA CURENTĂ
F11: Indicator | G11: Valoare | H11: Status
B12: 🔒 CHELTUIELI FIXE LUNARE | F12: Sold rămas | G12: =C30 | H12: =IF(C30<0,"❌ DEFICIT",IF(C30<500,"⚠️ Scăzut","✅ OK"))
B13: Categorie | C13: Sumă (lei) | D13: Note | F13: Cheltuieli/Venit | G13: =IF(C27>0,(C28+C29)/C27,0) | H13: =IF(C27>0,IF((C28+C29)/C27>0.9,"❌ Critic",IF((C28+C29)/C27>0.7,"⚠️ Atenție","✅ Sub 70%")),"–")
B14: Credit auto (rata) | C14: 800 | D14: Scade mar 2027 | F14: Economii luna | G14: =C30 | H14: =IF(C30>=C27*0.2,"✅ Țintă atinsă","⚠️ Sub 20%")
B15: TBI Bank | C15: 1121 | D15: Din iul; era 1869 | F15: Rate vs Venit | G15: =IF(C27>0,(C14+C15)/C27,0) | H15: =IF(C27>0,IF((C14+C15)/C27>0.4,"❌ Risc datorii","✅ Acceptabil"),"–")
B16: Vodafone | C16: 373 | D16: RED35 min din iul
B17: Orange | C17: 410 | D17: SmartPlus30 min
B18: eMag rate | C18: 442 | D18: Terminate oct 2026 | F18: 📅 PLAN REFACERE IUN–NOV 2026
B19: STB (abonament) | C19: 160 | D19: Fix lunar | F19: Lună | G19: Disponibil | H19: % Eco
B20: Țigări | C20: 795 | D20: 26.50 lei/zi × 30 | F20: IUN 2026 | G20: -1155 | H20: 0
B21: Utilități | C21: 0 | D21: ✏️ Completează | F21: IUL 2026 | G21: 1237 | H21: 0.185
B22: Asigurări | C22: 0 | D22: ✏️ Completează | F22: AUG 2026 | G22: 838 | H22: 0.125
B23: Fond urgență | C23: 0 | D23: ✏️ Recomandat 500+ | F23: SEP 2026 | G23: 2128 | H23: 0.318
B24: TOTAL FIXE | C24: =SUM(C14:C23) | D24: ← AUTO | F24: OCT 2026 | G24: 1725 | H24: 0.257
F25: NOV 2026 | G25: 2425 | H25: 0.362
B26: 📋 SUMAR LUNAR
B27: Total Venituri | C27: =C10 | D27: ← AUTO
B28: Total Fixe | C28: =C24 | D28: ← AUTO | F28: 💡 SFATURI RAPIDE
B29: Total Variabile | C29: ='📝 Cheltuieli'!B2 | D29: ← AUTO | F29: 1. Completează solda și veniturile (tab galben)
B30: SOLD RĂMAS | C30: =C27-C28-C29 | D30: ← AUTO | F30: 2. Adaugă cheltuielile zilnic în tab 📝 Cheltuieli
B31: % Economisit | C31: =IF(C27>0,C30/C27,0) | D31: ← AUTO | F31: 3. Verifică Dashboard-ul în fiecare săptămână
F32: 4. Țintă: min 20% economii conform 50/30/20
F33: 5. Renunțarea la țigări = +795 lei/lună liber!
F34: 6. Ratele eMag dispar în oct 2026 → +534 lei
F35: 7. TBI Bank scade din iul 2026 → +748 lei/lună

Sheet 📝 Cheltuieli
B2: 📝 JURNAL CHELTUIELI ZILNICE
B3: TOTAL VARIABILE LUNA CURENTĂ → | E3: =SUMPRODUCT((MONTH(B5:B504)=MONTH(TODAY()))*(YEAR(B5:B504)=YEAR(TODAY()))*E5:E504) | F3: ← Formula auto
B4: Data | C4: Categorie | D4: Descriere | E4: Sumă (lei) | F4: Metodă plată | G4: Lună
B5: 14.06.2026 | C5: Diverse | D5: Recuperat Axi — încasat | E5: -2500 | F5: Transfer | G5: =IF(B5<>"",TEXT(B5,"mmm yyyy"),"–")
B6: 15.06.2026 | C6: Rate & Credite | D6: TBI Bank — plată minimă | E6: 1869 | F6: Transfer | G6: =IF(B6<>"",TEXT(B6,"mmm yyyy"),"–")
B7: 15.06.2026 | C7: Mâncare & Băuturi | D7: Țigări 15 iun | E7: 27 | F7: Cash | G7: =IF(B7<>"",TEXT(B7,"mmm yyyy"),"–")
B8: 20.06.2026 | C8: Mâncare & Băuturi | D8: Pâine + ulei (săptămâna 1) | E8: 25 | F8: Cash | G8: =IF(B8<>"",TEXT(B8,"mmm yyyy"),"–")
B9: 27.06.2026 | C9: Mâncare & Băuturi | D9: Pâine + ulei (săptămâna 2) | E9: 25 | F9: Cash | G9: =IF(B9<>"",TEXT(B9,"mmm yyyy"),"–")
B10: 30.06.2026 | C10: Rate & Credite | D10: Credit auto — rată iulie | E10: 800 | F10: Transfer | G10: =IF(B10<>"",TEXT(B10,"mmm yyyy"),"–")
B11: 30.06.2026 | C11: Telefonie | D11: Vodafone factură | E11: 544 | F11: Card | G11: =IF(B11<>"",TEXT(B11,"mmm yyyy"),"–")
B12: 30.06.2026 | C12: Telefonie | D12: Orange factură | E12: 553 | F12: Card | G12: =IF(B12<>"",TEXT(B12,"mmm yyyy"),"–")
B13: 30.06.2026 | C13: Rate & Credite | D13: eMag rate | E13: 534 | F13: Card | G13: =IF(B13<>"",TEXT(B13,"mmm yyyy"),"–")
B14: 30.06.2026 | C14: Transport | D14: STB abonament | E14: 160 | F14: Card | G14: =IF(B14<>"",TEXT(B14,"mmm yyyy"),"–")
G15: =IF(B15<>"",TEXT(B15,"mmm yyyy"),"–")
G16: =IF(B16<>"",TEXT(B16,"mmm yyyy"),"–")
G17: =IF(B17<>"",TEXT(B17,"mmm yyyy"),"–")
G18: =IF(B18<>"",TEXT(B18,"mmm yyyy"),"–")
G19: =IF(B19<>"",TEXT(B19,"mmm yyyy"),"–")
G20: =IF(B20<>"",TEXT(B20,"mmm yyyy"),"–")
G21: =IF(B21<>"",TEXT(B21,"mmm yyyy"),"–")
G22: =IF(B22<>"",TEXT(B22,"mmm yyyy"),"–")
G23: =IF(B23<>"",TEXT(B23,"mmm yyyy"),"–")
G24: =IF(B24<>"",TEXT(B24,"mmm yyyy"),"–")
G25: =IF(B25<>"",TEXT(B25,"mmm yyyy"),"–")
G26: =IF(B26<>"",TEXT(B26,"mmm yyyy"),"–")
... G504: =IF(B504<>"",TEXT(B504,"mmm yyyy"),"–")

Sheet 📊 Raport Categorii
B2: 📊 RAPORT CHELTUIELI PE CATEGORII
B4: Totaluri calculate automat din Jurnalul de Cheltuieli
B5: Categorie | C5: Cheltuit (lei) | D5: % din Total | E5: Buget Alocat | F5: Diferență
B6: Mâncare & Băuturi | C6: =SUMPRODUCT(('📝 Cheltuieli'!C5:C504=B6)*'📝 Cheltuieli'!E5:E504) | D6: =IF(C22>0,C6/C22,0) | E6: 900 | F6: =IF(E6>0,E6-C6,"")
B7: Cumpărături | C7: =SUMPRODUCT(('📝 Cheltuieli'!C5:C504=B7)*'📝 Cheltuieli'!E5:E504) | D7: =IF(C23>0,C7/C23,0) | E7: 0 | F7: =IF(E7>0,E7-C7,"")
B8: Sănătate & Farmacie | C8: =SUMPRODUCT(('📝 Cheltuieli'!C5:C504=B8)*'📝 Cheltuieli'!E5:E504) | D8: =IF(C24>0,C8/C24,0) | E8: 0 | F8: =IF(E8>0,E8-C8,"")
B9: Haine & Încălțăminte | C9: =SUMPRODUCT(('📝 Cheltuieli'!C5:C504=B9)*'📝 Cheltuieli'!E5:E504) | D9: =IF(C25>0,C9/C25,0) | E9: 0 | F9: =IF(E9>0,E9-C9,"")
B10: Cadouri | C10: =SUMPRODUCT(('📝 Cheltuieli'!C5:C504=B10)*'📝 Cheltuieli'!E5:E504) | D10: =IF(C26>0,C10/C26,0) | E10: 0 | F10: =IF(E10>0,E10-C10,"")
B11: Restaurante & Cafenele | C11: =SUMPRODUCT(('📝 Cheltuieli'!C5:C504=B11)*'📝 Cheltuieli'!E5:E504) | D11: =IF(C27>0,C11/C27,0) | E11: 0 | F11: =IF(E11>0,E11-C11,"")
B12: Divertisment & Gaming | C12: =SUMPRODUCT(('📝 Cheltuieli'!C5:C504=B12)*'📝 Cheltuieli'!E5:E504) | D12: =IF(C28>0,C12/C28,0) | E12: 0 | F12: =IF(E12>0,E12-C12,"")
B13: Tehnologie & Gadgeturi | C13: =SUMPRODUCT(('📝 Cheltuieli'!C5:C504=B13)*'📝 Cheltuieli'!E5:E504) | D13: =IF(C29>0,C13/C29,0) | E13: 0 | F13: =IF(E13>0,E13-C13,"")
B14: Educație & Cursuri | C14: =SUMPRODUCT(('📝 Cheltuieli'!C5:C504=B14)*'📝 Cheltuieli'!E5:E504) | D14: =IF(C30>0,C14/C30,0) | E14: 0 | F14: =IF(E14>0,E14-C14,"")
B15: Transport | C15: =SUMPRODUCT(('📝 Cheltuieli'!C5:C504=B15)*'📝 Cheltuieli'!E5:E504) | D15: =IF(C31>0,C15/C31,0) | E15: 160 | F15: =IF(E15>0,E15-C15,"")
B16: Rate & Credite | C16: =SUMPRODUCT(('📝 Cheltuieli'!C5:C504=B16)*'📝 Cheltuieli'!E5:E504) | D16: =IF(C32>0,C16/C32,0) | E16: 2371 | F16: =IF(E16>0,E16-C16,"")
B17: Telefonie | C17: =SUMPRODUCT(('📝 Cheltuieli'!C5:C504=B17)*'📝 Cheltuieli'!E5:E504) | D17: =IF(C33>0,C17/C33,0) | E17: 917 | F17: =IF(E17>0,E17-C17,"")
B18: Abonamente | C18: =SUMPRODUCT(('📝 Cheltuieli'!C5:C504=B18)*'📝 Cheltuieli'!E5:E504) | D18: =IF(C34>0,C18/C34,0) | E18: 0 | F18: =IF(E18>0,E18-C18,"")
B19: Diverse | C19: =SUMPRODUCT(('📝 Cheltuieli'!C5:C504=B19)*'📝 Cheltuieli'!E5:E504) | D19: =IF(C35>0,C19/C35,0) | E19: 200 | F19: =IF(E19>0,E19-C19,"")
B20: TOTAL | C20: =SUM(C6:C19) | D20: =SUM(D6:D19) | E20: =SUM(E6:E19) | F20: =SUM(F6:F19)

Sheet 📈 Evoluție Lunară
B2: 📈 EVOLUȚIE BUGET PE 12 LUNI — 2026
B4: Indicator | C4: Ian | D4: Feb | E4: Mar | F4: Apr | G4: Mai | H4: Iun | I4: Iul | J4: Aug | K4: Sep | L4: Oct | M4: Nov | N4: Dec
B5: Venituri | C5: 0 | D5: 0 | E5: 0 | F5: 0 | G5: 0 | H5: 6700 | I5: 6700 | J5: 6700 | K5: 6700 | L5: 6700 | M5: 0 | N5: 0
B6: Cheltuieli Fixe | C6: 0 | D6: 0 | E6: 0 | F6: 0 | G6: 0 | H6: 7755 | I6: 5363 | J6: 4962 | K6: 3672 | L6: 3375 | M6: 0 | N6: 0
B7: Cheltuieli Variabile | C7: 0 | D7: 0 | E7: 0 | F7: 0 | G7: 0 | H7: 100 | I7: 100 | J7: 900 | K7: 900 | L7: 900 | M7: 0 | N7: 0
B8: Total Cheltuieli | C8: =C6+C7 | D8: =D6+D7 | E8: =E6+E7 | F8: =F6+F7 | G8: =G6+G7 | H8: =H6+H7 | I8: =I6+I7 | J8: =J6+J7 | ... N8: =N6+N7
B9: Sold Rămas | C9: =C5-C8 | D9: =D5-D8 | E9: =E5-E8 | F9: =F5-F8 | G9: =G5-G8 | H9: =H5-H8 | I9: =I5-I8 | J9: =J5-J8 | ... N9: =N5-N8
B10: % Economisit | C10: =IF(C5>0,C9/C5,0) | D10: =IF(D5>0,D9/D5,0) | E10: =IF(E5>0,E9/E5,0) | F10: =IF(F5>0,F9/F5,0) | G10: =IF(G5>0,G9/G5,0) | H10: =IF(H5>0,H9/H5,0) | I10: =IF(I5>0,I9/I5,0) | J10: =IF(J5>0,J9/J5,0) | ... N10: =IF(N5>0,N9/N5,0)
B13: 🔴 IUN 2026: Lună grea — cheltuieli fixe mari (TBI 1869 + plată Axi 2500). Deficit -1,155 lei.
B14: 🟡 IUL 2026: TBI scade cu 748 lei/lună. Fond nuntă 1,262 lei. Disponibil +1,237 lei.
B15: 🟡 AUG 2026: Fond nuntă 1,262 lei. Mâncare revine la 900 lei. Disponibil +838 lei.
B16: 🟢 SEP 2026: Vodafone + Orange ajung la minim. Disponibil +2,128 lei (31.8% economii).
B17: 🟢 OCT 2026: eMag rate se termină! Economii suplimentare +297 lei. Disponibil +1,725 lei.
B18: 🟢 NOV 2026: Cel mai bun sold proiectat: +2,425 lei (36.2% economii).

Sheet 🎯 Plan Refacere
B2: 🎯 PLAN REFACERE BUGETARĂ 2026 — MARIUS
B4: Categorie | C4: IUN | D4: IUL | E4: AUG | F4: SEP | G4: OCT | H4: NOV | I4: Note
B5: ── VENITURI ──
B6: Salariu net | C6: 6700 | D6: 6700 | E6: 6700 | F6: 6700 | G6: 6700 | H6: 6700 | I6: Soldă
B7: ── CHELTUIELI FIXE ──
B8: Credit auto (rată) | C8: 800 | D8: 800 | E8: 800 | F8: 800 | G8: 800 | H8: 800 | I8: Scade mar 2027
B9: TBI Bank | C9: 1869 | D9: 1121 | E9: 1121 | F9: 1121 | G9: 1121 | H9: 1121 | I9: 3 rate → -748 lei/lună din iul
B10: Vodafone | C10: 544 | D10: 373 | E10: 237 | F10: 237 | G10: 237 | H10: 237 | I10: RED35 minim din 16 iul
B11: Orange | C11: 553 | D11: 410 | E11: 262 | F11: 262 | G11: 262 | H11: 262 | I11: SmartPlus30 minim din aug
B12: eMag rate (total) | C12: 534 | D12: 442 | E12: 325 | F12: 297 | G12: 0 | H12: 0 | I12: Terminate oct 2026 🎉
B13: STB (abonament) | C13: 160 | D13: 160 | E13: 160 | F13: 160 | G13: 160 | H13: 160 | I13: Fix lunar
B14: Țigări (26.50/zi×30) | C14: 795 | D14: 795 | E14: 795 | F14: 795 | G14: 795 | H14: 795 | I14: 9,540 lei/an — reconsideră!
B15: Mâncare | C15: 100 | D15: 100 | E15: 900 | F15: 900 | G15: 900 | H15: 900 | I15: Iun+iul: de la părinți
B16: ── ONE-TIME ──
B17: Axi (recuperat→plătit) | C17: 2500 | D17: 0 | E17: 0 | F17: 0 | G17: 0 | H17: 0 | I17: Recuperezi, plătești TBI
B18: Fond nuntă (500 EUR) | C18: 0 | D18: 1262 | E18: 1262 | F18: 0 | G18: 0 | H18: 0 | I18: 500 EUR @ 5.05 = 2,525 lei
B19: Școala șoferilor | C19: 0 | D19: 0 | E19: 0 | F19: 0 | G19: 700 | H19: 0 | I19: Estimat oct, total 2,500-3,500
B20: ── TOTALE ──
B21: TOTAL CHELTUIELI | C21: 7855 | D21: 5463 | E21: 5862 | F21: 4572 | G21: 4975 | H21: 4275 | I21: Auto-calculat
B22: DISPONIBIL | C22: -1155 | D22: 1237 | E22: 838 | F22: 2128 | G22: 1725 | H22: 2425 | I22: Sold după toate cheltuielile
B23: % Economisit | C23: 0 | D23: 0.185 | E23: 0.125 | F23: 0.318 | G23: 0.257 | H23: 0.362 | I23: Țintă min 20%

Sheet 🏦 Obiective
B2: 🏦 OBIECTIVE FINANCIARE & ECONOMII
B4: Obiectiv | C4: Țintă (lei) | D4: Economisit | E4: Rămas | F4: Data Țintă
B5: 🎓 Școala șoferilor | C5: 3000 | D5: 0 | E5: =C5-D5 | F5: Oct 2026
B6: 💍 Fond nuntă | C6: 2525 | D6: 0 | E6: =C6-D6 | F6: Aug 2026
B7: 🆘 Fond urgență (3 luni) | C7: 20100 | D7: 0 | E7: =C7-D7 | F7: Dec 2026
B8: 💻 Upgrade PC/echipament | C8: 2000 | D8: 0 | E8: =C8-D8 | F8: 2027
B9: 📈 Capital trading bot | C9: 5000 | D9: 0 | E9: =C9-D9 | F9: 2027
B10: ✈️ Vacanță | C10: 2000 | D10: 0 | E10: =C10-D10 | F10: 2027
B12: ✏️ Completează coloana 'Economisit' cu sumele reale pentru a vedea progresul

Sheet 📖 Ghid
B2: 📖 GHID DE UTILIZARE — BUGET PERSONAL MARIUS 2026
B4: 🚀 START RAPID
B5: 1. Deschide tab-ul 📊 Dashboard și verifică că solda (6,700 lei) este corectă în celula C6.
B6: 2. Actualizează cheltuielile fixe dacă s-au schimbat (ex: după scăderea ratelor în iul 2026).
B7: 3. În fiecare zi când cheltuiești bani, adaugă o linie în tab-ul 📝 Cheltuieli.
B8: 4. Selectează categoria din dropdown (coloana C) și metoda de plată (coloana F).
B9: 5. Dashboard-ul se actualizează automat — verifică-l cel puțin o dată pe săptămână.
B11: 📅 RUTINA LUNARĂ
B12: • La ÎNCEPUTUL lunii: actualizează cheltuielile fixe dacă s-au modificat rate/abonamente.
B13: • Pe PARCURS: adaugă cheltuielile zilnice în tab 📝 Cheltuieli.
B14: • La FINALUL lunii: completează rândul lunii curente în tab 📈 Evoluție Lunară.
B15: • Verifică tab-ul 🏦 Obiective și actualizează suma economisită pentru fiecare scop.
... B33: • Pentru a adăuga o categorie nouă în dropdown: editează Data Validation din coloana C în tab-ul 📝.
